Time,Alert
,Fri Aug  7 18:06:01 GMT 2026
,Fri Aug  7 18:06:06 GMT 2026
,Fri Aug  7 18:06:11 GMT 2026
,Fri Aug  7 18:06:16 GMT 2026
,Fri Aug  7 18:06:22 GMT 2026
,Fri Aug  7 18:06:27 GMT 2026
,Fri Aug  7 18:06:32 GMT 2026
,Fri Aug  7 18:06:37 GMT 2026
,Fri Aug  7 18:06:42 GMT 2026
,Fri Aug  7 18:06:47 GMT 2026
,Fri Aug  7 18:06:52 GMT 2026
,Fri Aug  7 18:06:57 GMT 2026
,Fri Aug  7 18:07:03 GMT 2026
,Fri Aug  7 18:07:08 GMT 2026
,Fri Aug  7 18:07:13 GMT 2026
,Fri Aug  7 18:07:17 GMT 2026
,Fri Aug  7 18:07:18 GMT 2026
,Fri Aug  7 18:07:22 GMT 2026
,Fri Aug  7 18:07:23 GMT 2026
,Fri Aug  7 18:07:27 GMT 2026
,Fri Aug  7 18:07:28 GMT 2026
,Fri Aug  7 18:07:32 GMT 2026
,Fri Aug  7 18:07:33 GMT 2026
,Fri Aug  7 18:07:37 GMT 2026
,Fri Aug  7 18:07:38 GMT 2026
,Fri Aug  7 18:07:43 GMT 2026
,Fri Aug  7 18:07:44 GMT 2026
,Fri Aug  7 18:07:48 GMT 2026
,Fri Aug  7 18:07:49 GMT 2026
,Fri Aug  7 18:07:53 GMT 2026
,Fri Aug  7 18:07:54 GMT 2026
,Fri Aug  7 18:07:58 GMT 2026
,Fri Aug  7 18:07:59 GMT 2026
,Fri Aug  7 18:08:03 GMT 2026
,Fri Aug  7 18:08:04 GMT 2026
,Fri Aug  7 18:08:08 GMT 2026
,Fri Aug  7 18:08:09 GMT 2026
,Fri Aug  7 18:08:13 GMT 2026
,Fri Aug  7 18:08:14 GMT 2026
,Fri Aug  7 18:08:18 GMT 2026
,Fri Aug  7 18:08:19 GMT 2026
,Fri Aug  7 18:08:24 GMT 2026
,Fri Aug  7 18:08:24 GMT 2026
,Fri Aug  7 18:08:29 GMT 2026
,Fri Aug  7 18:08:30 GMT 2026
,Fri Aug  7 18:08:34 GMT 2026
,Fri Aug  7 18:08:35 GMT 2026
,Fri Aug  7 18:08:39 GMT 2026
,Fri Aug  7 18:08:40 GMT 2026
,Fri Aug  7 18:08:44 GMT 2026
,Fri Aug  7 18:08:45 GMT 2026
,Fri Aug  7 18:08:49 GMT 2026
,Fri Aug  7 18:08:50 GMT 2026
,Fri Aug  7 18:08:54 GMT 2026
,Fri Aug  7 18:08:55 GMT 2026
,Fri Aug  7 18:09:00 GMT 2026
,Fri Aug  7 18:09:05 GMT 2026
,Fri Aug  7 18:09:11 GMT 2026
,Fri Aug  7 18:09:16 GMT 2026
,Fri Aug  7 18:09:21 GMT 2026
,Fri Aug  7 18:09:26 GMT 2026
,Fri Aug  7 18:09:31 GMT 2026
,Fri Aug  7 18:09:36 GMT 2026
,Fri Aug  7 18:09:41 GMT 2026
,Fri Aug  7 18:09:46 GMT 2026
,Fri Aug  7 18:09:51 GMT 2026
,Fri Aug  7 18:09:57 GMT 2026
,Fri Aug  7 18:10:02 GMT 2026
,Fri Aug  7 18:10:07 GMT 2026
,Fri Aug  7 18:10:12 GMT 2026
,Fri Aug  7 18:10:17 GMT 2026
,Fri Aug  7 18:10:22 GMT 2026
,Fri Aug  7 18:10:27 GMT 2026
Failed login detected from 192.168.1.100 at Fri Aug  7 18:10:30 GMT 2026
